Teclado,precio
Redragon Centaur K506 Gaming Keyboard,14.99
Fantech Fighter TKL K613X Tournament Edition,21.99
Fantech Fighter TKL ll K613 Tournament Edition,24.99
Fantech Booster K513 RGB Gaming Keyboard,24.99
Trust Nado Bluetooth Wireless Keyboard,24.99
Fantech K512 One Handed RGB Gaming Keypad,29.99
Fantech Fighter II K613L Sakura Edition,34.99
HyperX Alloy Core RGB Gaming,34.99
Gamenote KB435L RGB Mechanical Gaming Tournament,39.99
MSI Vigor GK40 Gaming Keyboard,39.99
Cougar Puri Mechanical MX Cherry Red Spanish,39.99
Redragon Tvastar K556B Tournament Mechanical Gaming Keyboard RGB,39.99
Hype Legend Rebel Black Mechanical 60 Percent Blue Switch,44.99
Hype Legend Rebel White Mechanical 60 Percent Blue Switch,44.99
Logitech K835 TKL Mechanical Keyboard,44.99
Redragon Kumara RGB Mechanical Gaming K552 White Outemu Blue,44.99
Redragon Diti K585 RGB Teclado Mecanico de una Mano,49.99
Fantech Max Core MK852 Mechanical Space Edition MX Blue,49.99
Gamenote KB432L Blue Mechanical Gaming Keyboard Wrist Rest,49.99
Trust Assa GXT 888 Teclado de Una Mano,49.99
Razer Deathstalker Essential Gaming Keyboard,49.99
Redragon Visnu Rainbow Mechanical Gaming Keyboard,49.99
Teclado Tt Esports Challenger Edge Pro RGB,49.99
MSI Vigor GK30 Gaming Keyboard,49.99
Redragon Kumara K552SP Outemu Blue Spanish Mechanical Keyboard,54.99
Logitech G213 Prodigy RGB Gaming Keyboard,57.99
Teclado Mecanico Krom Kernel RGB,59.99
Teclado Mecanico Fantech MaxPower MK853 RGB Blue Switch,59.99
Ozone Strike Battle Red Mechanical Cherry MX Red,59.99
Redragon Devarajas K556 Mechanical RGB Gaming Keyboard,59.99
Fantech Max Core MK852 Mechanical MX Blue,59.99
Fantech Max Core MK852 Mechanical MX Brown,59.99
Redragon Mitra RGB Mechanical K551,64.99
Teclado Mecanico Optico Fantech Optimax RGB MK885,64.99
Teclado Mecanico Motospeed CK61 60 percent RGB,69.99
Teclado Mecanico Optico Fantech Optilite RGB MK872 MX Blue,69.99
Redragon Kumara RGB Mechanical Gaming K552 Black Outemu Blue,69.99
Tt eSports Neptune Elite RGB Mechanical Blue,69.99
Redragon Kumara RGB Mechanical Gaming K552 White Outemu Red,69.99
HP GK500 Mechanical Gaming Keyboard Blue Switches,69.99
Redragon Kumara RGB Mechanical Gaming K552 Black Outemu Red,69.99
Razer Deathstalker Expert,74.99
Redragon Yama RGB Black Mechanical Purple Switches,79.99
Redragon Yama RGB White Mechanical Purple Switches,79.99
HyperX Alloy Origins Core RGB Aqua Mechanical Keybord Ingles,79.99
HyperX Alloy FPS PRO Mechanical MX Blue,79.99
T1 Titan Ultra Blue Mechanical Gaming Keyboard,79.99
T1 Titan Ultra Red Mechanical Gaming Keyboard,79.99
Razer Cynosa Silent Chroma Spanish Layout,79.99
Tt Esports Poseidon Z RGB Mechanical Cherry MX Brown,79.99
Fantech Max Core MK852 Mechanical Keyboard Sakura Edition,79.99
HyperX Alloy FPS PRO Mechanical MX Red,79.99
Hype Legend Rebel White Mechanical 60 Percent Red Switch,79.99
Razer Ornata Mecha Membrane Chroma,89.99
Redragon Devarajas K556RK Mechanical RGB Gaming Keyboard,89.99
Redragon Shrapnel K589RGB Mechanical Gaming Keyboard Spanish,89.99
HyperX Alloy FPS MX Red Switches Mechanical Keyboard,94.99
HyperX Alloy FPS RGB Silver Speed,94.99
Redragon Vata Pro K580 RGB Mechanical Gaming Keyboard,99.99
Teclado Mecanico Fantech MaxPower MK853 Sakura Edition Blue Switch,99.99
Teclado Mecanico Fantech MaxPower MK853 Sakura Edition Red Switch,99.99
HyperX Alloy FPS MX Blue Switches Mechanical Keyboard,99.99
Razer Tartarus Chroma V2,99.99
HyperX Alloy Origins RGB Red Mechanical Keybord Spanish,99.99
HyperX Alloy Origins Core RGB Red Mechanical Keybord Ingles,99.99
Corsair K70 LUX RGB Full Mechanical MX Red,109.99
MSI Vigor GK50 Low Profile Mechanical Gaming Keyboard,109.99
Corsair K65 LUX RGB Compact Mechanical MX Red,114.99
Corsair K70 RGB MK2 SE Mechanical Gaming Keyboard MX Speed,129.99
Razer Blackwidow Tournament Edition Chroma,134.99
Logitech G513 RGB Carbon Mechanical Gaming Keyboard,139.99
Razer Blackwidow X Chroma,144.99
Razer Blackwidow X Chroma Spanish Layout,144.99
Razer Blackwidow X Tournament Chroma,149.99
Ozone Strike Pro Spectra MX Red,149.99
Razer Blackwidow Chroma V2 Spanish Layout,149.99
Razer Blackwidow Tournament V2 Chroma Spanish Layout,149.99
Corsair K68 RGB Mechanical Gaming Keyboard Spanish,149.99
Logitech G Pro X Ingles GX Blue Gaming Keyboard,149.99
HyperX Alloy Elite 2 RGB Spanish Mechanical Gaming Keyboard,149.99
Teclado Mecanico Optico Razer Huntsman Spanish Layout,159.99
Razer Huntsman Mini Black Optical Red,179.99
Razer Huntsman Mini Mercury Optical Red,179.99
Corsair K70 RGB MK2 Low Profile Rapidfire Mechanical Keyboard,199.99
Razer Blackwidow Elite Spanish Layout,199.99
Corsair K70 RGB MK2 Mechanical Gaming Keyboard MX Red,199.99
